date,LG 1,LG 2,LG 3,LG 4,LG 5,LG 6,LG 7,LG 8,LG 9,LG 10,LG 11,LG 12,LG 13,LG 14,LG 15,LG 16,LG 17,LG 18,LG 19,LG 20,weekday,month,season
2016-01-01,949.750,8112.480,271.558,10137.500,458.720,4.440,166.516,2875.000,1332.000,1445.850,6186.000,647.644,798.600,1494.500,56929.600,144.755,32.580,618.000,231.270,5304.000,4,1,winter
2016-01-02,964.000,8751.780,282.310,24232.000,376.080,4.590,172.006,3044.000,1762.500,1473.630,6534.500,637.107,878.200,1503.000,54687.600,146.463,41.205,635.700,303.740,5779.000,5,1,winter
2016-01-03,941.000,9132.240,274.701,33629.800,314.320,4.590,148.522,3330.000,1746.000,1511.850,6881.250,639.055,713.400,1507.500,53377.200,146.955,45.195,628.350,290.495,6014.000,6,1,winter
2016-01-04,1034.500,20864.100,1032.968,46757.200,486.560,4.680,157.516,12378.000,4431.500,1482.480,20022.750,1121.513,35196.800,2140.500,52662.000,984.910,43.620,1670.250,407.045,18049.000,0,1,winter
2016-01-05,1018.750,22548.420,1268.463,56218.500,478.960,4.710,158.020,15060.000,4841.000,1551.690,25364.250,1061.872,27681.800,1501.750,53574.400,977.728,41.250,1691.550,364.190,21072.000,1,1,winter
2016-01-06,947.250,21312.240,272.059,54545.900,478.880,4.710,167.007,3470.000,1931.000,1595.490,28202.500,664.588,34451.800,1254.250,54882.000,142.467,42.825,1010.400,276.850,10261.000,2,1,winter
2016-01-07,1083.250,21903.480,487.217,51903.000,583.360,694.800,7053.508,10651.000,6276.000,1583.100,27376.500,1086.696,35112.000,1904.750,56484.000,1042.931,41.745,6171.300,420.985,19943.000,3,1,winter
2016-01-08,1023.750,16734.300,792.039,55378.700,487.280,734.910,7452.024,15944.000,6745.500,1561.680,24343.000,886.620,38394.400,1831.000,60517.200,1042.193,43.800,5284.650,376.260,17063.500,4,1,winter
2016-01-09,958.500,10363.500,194.144,55483.200,328.800,194.490,201.004,3025.000,2491.500,1559.880,12059.750,636.565,2650.000,1597.500,57804.800,147.856,31.740,831.450,243.990,11346.000,5,1,winter
2016-01-10,958.000,8292.360,182.449,51526.200,268.480,3.960,166.006,2998.000,1811.000,1501.800,8156.250,630.989,782.800,1797.750,55078.000,141.653,65.280,1033.800,236.860,7897.500,6,1,winter
2016-01-11,3024.250,20551.380,545.154,52779.800,1314.720,875.880,7756.515,15158.000,8575.000,1438.290,46843.500,1227.574,35848.200,5012.250,55951.200,1043.498,330.135,6134.700,399.480,20736.000,0,1,winter
2016-01-12,3008.750,21378.300,586.024,55938.400,1390.640,856.710,8069.514,21086.000,10173.500,1522.320,78285.000,1184.700,39155.200,5231.750,55285.600,1133.426,417.405,6967.050,441.330,23933.500,1,1,winter
2016-01-13,2796.250,21749.580,1917.678,56262.300,1451.360,890.430,7757.500,17281.000,9600.500,1535.790,70659.250,1232.699,30582.000,5226.750,54731.200,1131.790,382.830,6360.450,454.150,24629.000,2,1,winter
2016-01-14,2954.250,21832.380,2339.391,53299.400,1426.720,827.790,7994.550,20527.000,9978.500,1504.290,64690.250,1216.618,33222.200,5330.750,53529.200,1160.590,303.060,5749.800,479.000,24799.000,3,1,winter
2016-01-15,2621.750,16371.840,2202.389,55913.600,1414.080,776.310,8092.000,20811.000,10186.500,1561.380,67509.000,1016.858,37436.600,4137.500,54322.800,1169.405,261.765,4275.450,484.665,22424.000,4,1,winter
2016-01-16,1113.250,10874.700,239.218,54193.800,450.240,214.170,374.508,11374.000,2169.000,1576.440,22091.250,608.720,2951.200,2481.250,55061.600,147.445,32.985,1981.650,361.890,11717.500,5,1,winter
2016-01-17,1137.000,9241.740,228.376,44010.700,393.280,33.300,163.000,5997.000,2005.000,1386.030,8221.000,605.568,1952.200,2367.250,55010.400,141.488,28.950,987.000,369.015,8284.000,6,1,winter
2016-01-18,3142.250,21743.880,531.559,54155.800,1355.440,876.720,6580.019,21339.000,10342.000,1425.000,60677.500,1151.287,35682.200,5314.250,56952.400,1205.802,373.335,6782.100,585.705,22647.500,0,1,winter
2016-01-19,3362.250,22117.920,1142.800,54400.500,1420.640,1048.350,7104.000,21627.000,10562.500,1286.370,72764.750,1168.985,41281.200,5332.500,59272.000,973.401,385.950,6585.600,545.510,23582.500,1,1,winter
2016-01-20,2891.250,21081.480,932.529,53983.300,1404.080,1001.370,8857.500,19061.000,10083.000,1413.960,57808.500,1173.316,37516.200,5465.750,60130.800,1064.799,382.305,5559.900,517.050,24045.500,2,1,winter
2016-01-21,2858.500,22069.740,2715.277,46643.500,1486.160,1067.970,6376.017,20462.000,9173.000,1408.860,69798.500,1186.117,34529.000,5084.750,59718.400,947.540,356.325,5369.700,541.330,23919.000,3,1,winter
2016-01-22,2444.500,16644.060,2273.146,51251.600,1390.560,936.270,8312.018,17753.000,9130.000,1377.300,67327.250,829.947,39014.200,4315.750,58989.200,972.100,255.060,5340.900,597.425,21474.500,4,1,winter
2016-01-23,1199.000,10139.280,222.576,53269.000,482.080,334.350,523.026,6580.000,1265.000,1506.180,38347.250,635.506,15014.800,2607.750,58976.400,152.669,53.325,2075.100,336.790,11566.500,5,1,winter
2016-01-24,1198.500,8246.580,264.185,52823.700,423.920,66.900,153.523,5539.000,1139.500,1509.360,8231.250,626.971,1457.000,2299.250,57617.200,145.646,38.025,1046.100,306.100,6963.000,6,1,winter
2016-01-25,2491.500,23239.080,498.170,54350.100,1434.720,1172.070,7595.560,14525.000,9658.500,1395.750,54282.750,1240.372,40843.600,5003.250,58406.800,1002.375,303.465,6470.700,363.150,20536.000,0,1,winter
2016-01-26,2451.000,23271.600,727.232,52834.000,1375.680,1174.620,8748.557,16545.000,10871.000,1452.840,66403.250,1226.722,42081.800,5286.250,60416.000,991.848,241.020,6300.750,385.280,23832.500,1,1,winter
2016-01-27,2558.750,22317.120,567.186,47892.700,1369.440,1130.280,8549.012,12500.000,10780.500,1381.680,51945.750,1241.664,43442.000,5025.500,60295.600,1009.147,293.925,6119.250,379.280,22965.000,2,1,winter
2016-01-28,2743.500,22913.940,1716.318,49636.200,1485.920,1131.540,8940.500,16028.000,11588.000,1375.410,51002.000,1262.508,51795.400,4811.750,60818.000,981.321,285.945,6750.000,351.165,23440.000,3,1,winter
2016-01-29,2095.750,17657.220,1239.472,46921.400,1408.800,1055.100,8209.546,16929.000,10461.000,1417.020,55209.750,870.789,40870.600,4135.500,62558.800,954.071,185.310,5598.000,326.390,22173.000,4,1,winter
2016-01-30,1023.250,10924.260,225.738,54017.600,542.880,296.040,373.031,6601.000,3223.000,1513.050,35623.000,646.824,19541.600,2760.250,61632.800,291.060,50.955,2159.400,219.280,13199.500,5,1,winter
2016-01-31,969.250,8982.060,199.174,52424.600,323.200,41.910,158.007,3304.000,1899.000,1496.700,8359.500,641.136,724.600,2206.750,61420.000,384.416,28.635,845.550,258.360,7938.500,6,1,winter
2016-02-01,2991.000,22547.880,476.141,44657.400,1383.600,994.410,8162.022,13632.000,9782.000,1399.860,44807.500,1216.804,41921.600,4920.500,64448.000,1011.761,345.720,5333.850,307.460,20922.000,0,2,winter
2016-02-02,2900.250,24064.440,1683.957,52656.500,1447.280,1172.820,7781.528,15824.000,10794.500,1329.090,63002.750,1256.792,43734.200,5037.250,64019.200,1089.277,313.485,5583.150,360.060,23093.500,1,2,winter
2016-02-03,2725.750,22943.100,617.477,50833.100,1462.960,1093.320,6912.023,12788.000,10627.500,1392.780,59938.750,1266.453,40556.800,5033.250,64700.000,1223.756,399.060,5375.250,419.215,23400.000,2,2,winter
2016-02-04,2545.000,23329.680,2259.367,53909.400,1509.280,1101.360,7562.511,14640.000,10725.500,1353.810,62411.500,1258.861,36121.000,4912.250,62484.400,1015.509,339.255,6323.700,472.855,21987.500,3,2,winter
2016-02-05,2279.750,18572.760,1860.262,50455.200,1323.920,758.580,7959.048,15322.000,8284.000,1421.430,63308.000,834.000,39153.400,4841.750,57636.400,1192.176,249.390,5427.000,448.490,21397.000,4,2,winter
2016-02-06,917.500,11712.360,223.947,52444.600,445.280,291.990,146.527,5298.000,2025.500,1450.140,27338.000,650.551,2824.000,1692.250,57110.000,142.472,38.970,1445.550,246.995,9975.500,5,2,winter
2016-02-07,930.750,8883.600,210.197,49654.700,401.040,3.420,162.513,488.000,1584.500,1450.920,8264.000,637.130,1447.600,1770.000,56159.600,141.816,28.170,1012.200,247.395,7556.000,6,2,winter
2016-02-08,1141.000,23060.460,450.557,47835.000,1389.360,534.210,6735.023,11203.000,7304.000,1517.400,56783.000,1202.867,44322.000,4698.250,55806.400,1205.641,81.540,6133.200,332.295,19442.000,0,2,winter
2016-02-09,1119.000,24195.480,2150.599,46083.700,1392.880,935.460,8337.515,17411.000,8651.000,1479.240,73044.000,1207.176,48632.000,4955.750,59377.600,1176.673,53.610,6532.200,342.855,20957.000,1,2,winter
2016-02-10,2762.500,22678.800,737.340,47959.600,1467.760,928.530,8520.026,13273.000,9582.000,1472.190,61131.250,1239.557,38120.800,5107.500,59330.000,1226.937,330.645,6726.300,406.225,19063.000,2,2,winter
2016-02-11,2688.250,22239.720,1809.520,44211.800,1496.720,1178.370,7389.532,16676.000,10222.000,1567.800,57532.750,1193.220,43730.000,5129.500,57916.000,1135.710,325.215,6561.450,399.415,19701.500,3,2,winter
2016-02-12,2277.750,17101.860,440.126,46044.500,1285.200,1095.570,6205.565,14152.000,9789.500,1485.420,59638.250,1080.276,48842.600,4773.750,55813.600,1139.875,205.785,5837.400,395.210,19239.000,4,2,winter
2016-02-13,950.750,10269.000,192.810,48725.100,440.000,614.550,321.524,5986.000,1523.000,1581.090,20030.250,768.710,2921.800,2408.250,54976.000,163.604,35.160,1928.100,267.605,10203.500,5,2,winter
2016-02-14,940.750,9330.840,221.363,50005.700,370.000,57.390,165.016,1594.000,1017.000,1584.510,8491.250,775.364,1314.800,2245.000,54422.000,140.021,29.655,952.200,211.660,7702.000,6,2,winter
2016-02-15,2859.750,22664.100,533.127,56677.800,1406.560,1061.940,5808.512,11573.000,10291.000,1547.490,39808.250,1266.958,48239.200,4928.000,55350.400,996.903,367.545,6558.000,372.135,21881.500,0,2,winter
2016-02-16,2862.250,22765.440,867.667,56968.800,1398.960,1056.720,6518.017,15908.000,10815.000,1515.030,67270.750,1168.368,45260.400,5000.750,57589.200,1208.988,315.135,6334.950,443.855,23566.000,1,2,winter
2016-02-17,3202.750,22790.100,464.014,57724.200,1487.840,1081.710,7759.512,13209.000,10200.000,1464.630,65408.250,1054.088,49108.400,5185.000,59407.600,1210.781,421.710,6084.000,488.325,20767.000,2,2,winter
2016-02-18,2944.250,22019.220,486.531,57562.300,1430.640,1139.250,7962.562,17008.000,10441.000,1417.080,71605.000,1157.395,43782.400,4910.500,60179.600,1235.423,332.565,6388.200,422.200,21809.000,3,2,winter
2016-02-19,2579.000,17748.960,484.303,54262.900,1269.600,1068.060,5542.528,16829.000,10036.500,1526.880,61679.000,1044.405,47708.400,4766.000,60753.600,660.714,265.680,6180.600,440.565,20077.500,4,2,winter
2016-02-20,1095.500,10273.140,231.413,55948.000,427.840,391.410,216.503,4330.000,1281.500,1550.160,22028.750,707.082,3445.000,2555.750,61750.000,569.728,49.860,824.850,316.470,9530.500,5,2,winter
2016-02-21,1001.250,8397.480,189.235,54477.500,371.520,53.820,150.019,964.000,1005.000,1550.910,8477.750,692.592,1108.800,2480.500,61661.200,174.373,29.355,996.750,179.805,6993.000,6,2,winter
2016-02-22,2745.250,22521.960,918.373,42843.800,1423.440,1129.170,4778.576,12775.000,10038.500,1467.660,53856.000,1251.484,31342.200,4671.250,61200.800,1339.058,252.180,6903.000,277.055,20301.000,0,2,winter
2016-02-23,2939.000,24141.180,2891.836,36152.600,1460.080,1094.370,5778.505,14438.000,11027.500,1497.990,55941.250,1224.620,39821.400,4821.000,60846.000,1346.974,356.250,7465.650,368.270,21593.000,1,2,winter
2016-02-24,2735.250,21507.360,1565.838,42176.000,1381.360,1066.680,7922.578,12168.000,10571.000,1414.920,54639.750,1167.832,41767.400,4938.750,60820.400,1233.628,312.675,7016.550,407.025,20966.500,2,2,winter
2016-02-25,2598.000,17156.460,821.595,48899.900,1440.800,1037.190,7512.046,15438.000,10925.000,1428.780,48158.750,1153.784,41276.600,4987.500,59790.000,1208.985,294.210,7785.000,446.145,20905.500,3,2,winter
2016-02-26,2191.000,13657.140,2039.059,48643.200,1267.520,1077.870,6233.087,14446.000,9495.500,1502.730,64326.750,968.025,33227.000,4810.750,58810.000,1267.657,200.130,6022.650,386.395,18748.500,4,2,winter
2016-02-27,1175.750,10151.220,262.447,46930.800,516.560,309.000,137.524,4473.000,1308.000,1553.430,20514.000,615.316,2808.400,2732.250,59588.000,482.254,140.775,909.000,300.360,9474.500,5,2,winter
2016-02-28,1183.750,10425.000,215.170,54669.200,473.120,72.690,133.039,863.000,978.000,1574.760,8443.500,617.551,1747.000,2112.000,59479.600,177.147,32.295,1241.100,272.560,6816.500,6,2,winter
2016-02-29,2700.250,22002.540,1727.718,54018.800,1438.720,1073.910,5710.500,9677.000,9669.500,1484.760,51477.250,1197.543,28588.600,4797.000,61482.800,1209.886,495.990,6612.000,425.385,21223.000,0,2,winter
2016-03-01,2643.500,22950.480,3140.717,55120.300,1369.680,1082.820,7031.595,16872.000,9301.500,1449.990,74263.250,1235.396,33274.600,5137.250,62669.600,1245.132,378.915,7024.350,508.895,24069.500,1,3,winter
2016-03-02,2798.750,22644.240,1271.473,52747.800,1400.080,1022.790,7669.014,13925.000,10703.000,1399.470,70040.000,1192.526,32488.400,5146.250,63730.800,1166.227,369.210,7240.800,424.950,21801.000,2,3,winter
2016-03-03,2718.250,21833.340,858.330,49274.600,1325.440,1043.940,6971.035,15980.000,9963.500,1385.460,69658.000,1202.188,33101.800,5243.250,63540.800,1143.542,303.810,6169.350,424.920,22723.500,3,3,winter
2016-03-04,2235.500,16927.980,1656.129,54699.300,1315.520,1088.310,5306.532,14669.000,9512.500,1409.520,69671.000,1057.576,38641.800,5082.000,62786.000,1046.273,210.690,4548.000,408.530,18261.500,4,3,winter
2016-03-05,1066.500,10276.680,236.476,52540.700,419.040,307.230,175.530,3448.000,1614.000,1494.390,24729.500,633.805,2739.000,2646.750,62849.600,147.118,125.415,751.950,309.930,12245.500,5,3,winter
2016-03-06,1090.250,8220.240,222.471,53955.900,382.000,50.940,156.530,417.000,1137.500,1350.780,8850.750,618.281,713.000,2356.000,62240.800,142.959,33.435,1017.000,261.535,7061.000,6,3,winter
2016-03-07,2589.750,21774.120,1150.784,37228.100,1339.840,1155.180,8095.081,10607.000,10054.500,796.140,50500.000,1148.843,32143.600,4832.750,63349.200,903.064,347.460,5791.350,342.840,17833.500,0,3,winter
2016-03-08,2629.750,22657.320,953.829,32926.000,1436.800,1090.860,8390.012,14035.000,10983.500,767.310,70209.250,1183.332,30386.600,5028.750,63738.400,1258.601,295.125,6500.250,429.780,21396.500,1,3,winter
2016-03-09,2586.000,21184.200,1269.272,43407.000,1374.720,1156.050,7773.104,13549.000,10340.500,696.960,58871.250,1169.099,33860.800,4994.500,62574.400,1523.388,428.130,5746.950,426.355,19932.000,2,3,winter
2016-03-10,2672.000,22245.840,1601.278,48295.900,1400.480,1166.880,9005.623,18112.000,9913.000,745.710,60547.000,1165.675,34498.000,5293.250,61593.200,1556.112,316.965,6160.950,417.085,20025.000,3,3,winter
2016-03-11,2235.750,16788.720,941.718,46208.000,1353.360,1095.330,7833.125,15338.000,8919.500,774.840,58939.500,1029.224,33211.200,4951.500,59054.000,1468.470,245.040,2833.800,375.145,18347.000,4,3,winter
2016-03-12,1068.000,9231.360,191.817,45285.700,434.000,276.060,497.068,3693.000,1329.000,650.670,29093.250,639.459,2789.400,2985.250,58292.000,641.534,87.300,687.900,277.020,10810.000,5,3,winter
2016-03-13,1079.750,8109.240,229.875,52496.200,394.160,47.850,120.016,813.000,939.000,617.940,8388.250,647.061,1273.200,2478.250,57402.000,161.071,70.245,833.100,228.580,7150.500,6,3,winter
2016-03-14,2612.750,21435.840,758.369,41776.800,1250.960,1102.170,7821.611,11066.000,10112.000,739.200,51818.500,1221.815,39165.600,4958.750,57553.200,1028.074,282.555,6126.600,398.130,19256.500,0,3,winter
2016-03-15,2512.750,23397.360,462.325,44571.400,1292.800,1044.840,8728.064,15181.000,11221.000,926.640,64959.750,1199.732,43457.000,5182.000,59796.000,1616.254,367.410,6224.550,507.290,20074.000,1,3,winter
2016-03-16,2390.500,21464.460,439.292,54355.600,1381.280,1065.120,9089.596,13268.000,10771.000,1341.120,60429.750,1233.522,43299.200,4864.750,60515.600,1389.813,221.835,6000.750,414.595,19957.000,2,3,winter
2016-03-17,2382.250,20268.720,411.499,52634.600,1322.800,1106.610,8792.142,16453.000,11158.500,1404.240,70438.500,1216.128,33373.200,5107.750,61027.200,1280.792,189.795,5885.100,367.635,21061.500,3,3,winter
2016-03-18,1916.000,17172.240,415.910,49623.700,1339.280,1017.750,7774.144,18773.000,10074.000,1508.490,63882.500,935.716,38526.800,4881.000,62561.600,1349.992,162.360,5012.250,376.050,19675.500,4,3,winter
2016-03-19,941.250,9577.860,197.749,48664.000,445.040,378.780,271.550,5829.000,1657.500,1522.800,23515.000,649.767,2823.000,2860.750,64748.400,495.472,48.510,719.700,254.750,10714.000,5,3,winter
2016-03-20,806.500,8094.360,190.634,34616.500,285.200,299.520,174.526,433.000,1068.500,1555.860,8509.750,656.488,756.200,2449.500,58925.600,176.739,24.390,870.450,213.165,7272.000,6,3,winter
2016-03-21,2507.000,19239.480,546.719,31122.000,1234.320,1055.790,7285.597,10232.000,10691.500,1488.870,46793.500,1203.110,44076.800,5095.750,57802.000,1526.978,269.850,6003.300,323.175,19676.000,0,3,winter
2016-03-22,2488.750,20698.320,472.884,41456.000,1364.160,889.950,6624.122,15874.000,11121.000,1573.890,52697.500,1249.337,43336.800,5146.000,59048.800,1727.068,234.435,6853.350,360.640,20700.500,1,3,winter
2016-03-23,2382.500,19952.340,1018.907,41147.400,1357.840,1114.650,8042.570,15815.000,10437.000,1482.780,44118.500,1168.982,50109.400,5299.500,59209.600,1500.299,252.585,5598.900,379.895,21317.500,2,3,winter
2016-03-24,2191.500,19424.100,1021.996,39389.900,1309.280,994.050,6495.080,13558.000,9571.500,1439.040,52106.250,1211.867,49088.800,4995.500,58334.000,1140.932,161.760,4686.300,427.330,19783.000,3,3,winter
2016-03-25,912.500,8874.720,219.830,7984.300,611.360,3.150,151.028,4028.000,961.500,1515.420,15570.000,667.272,1675.800,2327.250,56113.600,161.078,122.250,735.900,248.925,9208.500,4,3,winter
2016-03-26,863.750,7799.100,195.409,5634.300,503.840,3.720,105.010,488.000,1615.500,1574.760,7797.750,661.678,2880.000,2032.000,56471.600,142.308,90.270,640.650,191.290,7233.500,5,3,winter
2016-03-27,818.000,6775.500,182.877,5461.500,456.880,3.780,115.536,664.000,1707.500,1620.240,7389.500,635.529,726.400,2291.000,53952.000,124.440,26.715,602.550,177.090,6272.500,6,3,winter
2016-03-28,903.750,7720.500,193.165,8846.600,597.840,49.020,125.538,101.000,1833.500,1660.530,7592.750,688.846,1317.000,1790.750,56729.200,136.842,57.405,794.400,172.550,6720.000,0,3,winter
2016-03-29,2273.500,20049.240,760.383,42306.400,1310.240,1050.030,7378.631,11001.000,9176.500,1661.370,41210.500,1095.014,42467.800,5036.250,59094.400,974.379,150.795,5569.950,300.575,21932.500,1,3,winter
2016-03-30,2373.000,19125.720,468.831,53808.400,1446.960,551.100,5675.041,13410.000,9970.500,1651.980,56256.500,1215.671,40771.800,4895.250,62230.800,1309.030,279.495,5290.950,283.785,21592.000,2,3,winter
2016-03-31,2346.500,19164.480,411.854,53615.400,1491.680,582.600,7053.578,15706.000,10812.000,1583.910,61331.000,1201.645,33731.800,4984.750,63501.200,1133.183,240.780,6100.650,301.830,21397.500,3,3,winter
2016-04-01,2198.000,15420.840,411.269,51736.200,1418.160,1061.310,7690.546,16309.000,9902.500,1522.080,58110.000,1049.531,35083.200,4434.500,62408.800,1041.294,235.215,5498.100,343.250,19298.000,4,4,summer
2016-04-02,1036.500,9498.840,199.885,53735.600,393.200,248.250,155.041,9484.000,1844.500,1627.830,16620.750,652.291,2743.800,2739.500,62476.400,414.036,50.055,1479.600,178.610,9386.000,5,4,summer
2016-04-03,851.500,6929.100,171.614,53409.300,380.480,50.340,108.529,1282.000,1020.500,1554.870,8638.500,669.432,726.200,2018.750,61408.000,136.269,22.920,759.150,147.395,7288.500,6,4,summer
2016-04-04,2138.500,21151.740,406.743,53945.900,1432.160,1119.780,7423.554,13658.000,10129.500,1543.950,48327.000,1247.613,34038.800,4704.250,61188.000,789.971,196.185,5761.650,263.615,21733.500,0,4,summer
2016-04-05,2229.000,21921.600,662.867,50486.900,1378.960,1071.150,8021.552,15335.000,10975.500,1569.660,65994.000,1248.179,32974.000,5151.250,63376.400,1047.664,153.255,6028.350,272.865,21779.000,1,4,summer
2016-04-06,2054.500,21666.180,547.781,44867.100,1289.840,1134.510,8585.129,14242.000,10235.500,1568.430,67412.750,1254.885,33451.200,5214.750,65148.400,1172.998,194.190,5945.700,358.945,20781.500,2,4,summer
2016-04-07,2055.750,21222.240,429.109,46747.200,1325.760,994.380,8728.050,16235.000,9175.000,1557.390,61811.250,1253.590,32510.600,5057.500,64756.400,1235.178,174.780,6214.950,295.680,21681.000,3,4,summer
2016-04-08,1879.500,16820.580,1753.570,44865.900,1314.720,897.750,7711.642,15677.000,8855.000,1537.890,54762.250,1050.893,28189.000,4721.750,63695.200,1284.223,167.655,4797.300,299.560,18221.500,4,4,summer
2016-04-09,816.000,8610.720,2031.571,47352.100,546.400,303.480,404.554,11123.000,1549.000,1611.150,16662.250,660.597,2894.200,3104.750,60975.600,498.167,41.055,735.450,203.440,10934.000,5,4,summer
2016-04-10,632.000,7643.760,2186.202,48048.200,507.440,73.080,82.012,5212.000,1069.000,1575.870,8704.250,662.090,769.400,1954.500,60020.800,136.927,22.725,940.500,157.485,7124.500,6,4,summer
2016-04-11,1974.250,21271.740,1070.567,51634.100,1286.240,1030.650,6749.661,18815.000,8239.000,1485.330,47559.250,1255.579,17873.000,4823.250,63454.400,918.408,153.975,6047.400,278.090,19435.500,0,4,summer
2016-04-12,2020.250,22972.200,432.278,54706.400,1319.040,956.700,7432.127,19611.000,9588.000,1472.250,60300.250,1249.965,21843.800,5250.000,64794.000,1278.675,236.445,5097.000,277.675,20563.000,1,4,summer
2016-04-13,2115.750,22964.580,431.821,52917.900,1370.880,931.920,8325.565,13258.000,9946.000,1477.560,61398.500,1244.876,30977.200,5273.000,66442.000,1347.217,181.395,5880.450,304.170,20389.500,2,4,summer
2016-04-14,2150.250,22268.340,513.691,48851.100,1371.440,929.880,7599.103,15704.000,10236.000,1505.400,67593.250,1237.003,28969.000,5539.000,66001.600,1187.446,198.285,6275.250,326.550,20008.000,3,4,summer
2016-04-15,1848.000,17240.340,1255.081,53161.700,1374.800,822.150,7042.081,14106.000,9296.500,1550.280,65949.250,1039.830,28270.600,4896.500,66454.000,1376.107,176.880,5400.150,306.335,18688.000,4,4,summer
2016-04-16,701.000,9637.860,1207.881,52015.700,630.880,482.640,169.537,6938.000,1583.500,1677.000,20890.000,655.037,17269.200,3250.000,66070.800,654.510,23.790,742.650,174.800,13247.500,5,4,summer
2016-04-17,621.250,7408.380,153.702,53136.000,353.440,300.540,126.029,1612.000,1304.500,1607.700,8103.500,648.584,691.400,2432.250,66504.800,136.677,20.055,690.300,151.135,7665.000,6,4,summer
2016-04-18,2106.500,21762.060,1692.653,55225.900,1297.760,1105.530,6563.550,17361.000,9300.500,1586.970,48333.500,1163.223,35582.600,4967.250,65615.600,1082.915,195.825,5154.900,276.945,20354.500,0,4,summer
2016-04-19,1838.000,23046.480,1298.466,50177.800,1293.600,1137.390,7719.184,16294.000,9719.500,1615.620,74188.000,1258.651,30551.000,5265.000,66268.800,1387.445,168.975,5496.300,290.225,22493.500,1,4,summer
2016-04-20,1661.500,22560.960,404.707,46125.900,1191.920,1077.390,7147.692,14627.000,10686.000,1483.920,66404.500,1241.205,34364.600,5026.500,66106.800,1321.188,168.480,5300.100,312.150,23064.500,2,4,summer
2016-04-21,1699.000,21950.340,381.673,47640.300,1309.200,1198.080,7134.677,16545.000,10041.000,1486.680,60026.750,1235.398,24622.600,5056.750,64471.600,1154.890,165.600,5167.950,301.825,21640.000,3,4,summer
2016-04-22,1294.250,17994.840,557.931,49611.900,1241.920,1103.580,5141.108,14281.000,9659.500,1537.620,71145.250,1149.065,26669.400,4908.000,62922.400,1092.624,72.345,5502.300,350.995,21256.000,4,4,summer
2016-04-23,441.000,9387.240,158.186,43536.300,470.400,300.630,317.036,8646.000,2606.000,1649.310,28600.500,662.594,19721.600,2951.250,61086.000,493.267,32.355,826.650,209.160,9148.000,5,4,summer
2016-04-24,473.750,7699.260,180.397,49701.900,455.120,41.880,85.523,7897.000,1809.500,1673.520,8499.500,644.017,667.800,2022.750,60132.400,137.987,17.475,820.950,193.290,8022.000,6,4,summer
2016-04-25,1907.250,21006.060,450.395,52260.700,1251.920,1079.730,7548.573,15757.000,9489.000,1612.800,55053.500,1250.346,22529.400,4614.500,61722.800,944.844,142.635,6622.650,370.350,21466.500,0,4,summer
2016-04-26,2176.750,21522.720,431.849,30839.200,1286.880,1292.040,9074.031,13809.000,10257.000,1583.040,73265.000,1270.091,22939.000,5101.000,62550.800,937.261,189.480,6431.850,377.125,21558.500,1,4,summer
2016-04-27,2259.250,21878.100,831.477,32838.300,1301.440,1191.450,8795.139,13310.000,9955.500,1566.270,57464.500,1223.484,18135.800,4935.750,64082.400,893.601,119.280,6445.350,357.210,22781.000,2,4,summer
2016-04-28,2008.750,23087.220,1136.340,34167.200,1260.320,1170.270,8533.119,16610.000,10243.000,1451.760,72200.000,1275.623,22907.400,4821.000,62786.000,932.525,146.415,6338.850,382.835,20206.000,3,4,summer
2016-04-29,1713.250,16938.600,441.473,43388.800,1265.280,1046.580,7936.669,16199.000,9972.000,1461.990,65970.750,1134.764,25947.000,4806.250,59828.800,874.264,96.075,5551.500,286.965,18928.000,4,4,summer
2016-04-30,628.500,11176.620,203.689,54615.700,761.040,334.890,234.043,9230.000,2592.000,1544.130,17635.500,677.090,16124.800,2963.250,57203.600,141.247,47.475,689.700,181.230,8779.000,5,4,summer
2016-05-01,631.500,7570.740,187.453,55438.200,403.280,9.960,126.538,6077.000,1112.500,1550.460,8274.750,654.122,1676.200,1903.250,56761.600,170.053,21.330,678.450,159.930,7902.000,6,5,summer
2016-05-02,1990.250,19667.940,1025.074,44511.700,1266.000,359.730,6069.185,12960.000,8008.500,1413.600,33992.000,1163.469,33991.400,5082.500,58195.600,1179.697,129.540,5577.300,249.005,20591.000,0,5,summer
2016-05-03,1782.750,21813.000,1133.833,34164.200,1269.040,787.650,7880.084,15107.000,9538.500,1571.310,53699.250,1177.810,38732.600,5324.750,60620.000,1219.433,154.995,5710.950,294.210,21700.500,1,5,summer
2016-05-04,1460.000,22360.200,405.570,36247.900,1282.800,1113.510,7357.194,14021.000,9314.500,1513.860,41404.750,864.945,36585.800,5305.750,60390.800,1150.720,133.530,4189.950,268.505,20655.000,2,5,summer
2016-05-05,455.000,8380.500,217.141,37618.700,634.800,7.920,117.524,16141.000,893.500,1634.700,15049.750,701.163,913.400,2123.250,59939.600,136.105,21.495,577.200,152.055,8749.000,3,5,summer
2016-05-06,460.500,14857.200,361.709,36107.400,1214.560,535.530,133.025,14558.000,7359.500,1538.880,8180.000,723.445,16001.600,4440.000,60351.200,133.418,25.320,565.050,278.840,7150.500,4,5,summer
2016-05-07,420.500,8020.260,185.916,41551.600,695.200,398.130,119.547,8994.000,1235.000,1550.760,7844.000,709.728,16222.600,2269.000,59224.400,131.710,20.970,529.350,128.615,6815.500,5,5,summer
2016-05-08,416.750,6057.480,177.895,46575.500,401.600,30.930,75.017,7338.000,897.500,1721.850,7795.250,721.980,1025.000,2078.500,57200.400,130.078,19.305,661.200,126.015,7071.000,6,5,summer
2016-05-09,1421.000,22083.720,710.578,51447.800,1243.200,897.420,6063.129,16365.000,9113.000,1441.710,56194.500,1360.542,36648.600,5153.750,57362.000,878.099,119.640,5398.350,171.580,20380.000,0,5,summer
2016-05-10,1573.000,24343.200,800.954,54174.000,1281.920,692.640,8252.098,16210.000,10807.500,1461.960,69661.750,1312.616,38766.200,5345.500,59365.200,1158.805,117.990,6494.100,229.350,21227.000,1,5,summer
2016-05-11,1794.000,24049.200,806.541,57385.800,1240.080,598.170,7881.113,13946.000,10603.000,1490.490,69184.250,1273.419,29914.800,5450.000,61480.800,1174.139,177.660,6284.250,221.030,21411.500,2,5,summer
2016-05-12,1998.500,24500.820,455.658,45969.400,1262.960,606.840,7628.528,17362.000,9781.500,1407.210,64312.750,1294.779,25875.400,5197.000,63086.000,1032.809,164.865,6549.450,218.220,20434.000,3,5,summer
2016-05-13,1314.500,16767.480,418.022,50303.200,1184.240,583.050,7405.580,16283.000,8010.500,1527.870,65760.500,1122.012,30192.600,5108.250,63866.800,1014.286,107.400,5909.400,233.490,20437.500,4,5,summer
2016-05-14,404.250,8811.240,187.918,52272.500,328.720,254.160,208.073,9525.000,1882.500,1519.560,18377.500,670.068,24576.800,2750.000,63058.800,143.692,28.605,942.600,173.655,9605.000,5,5,summer
2016-05-15,400.750,6155.280,187.215,53860.500,304.080,5.340,80.046,4465.000,1662.500,1658.250,7381.750,661.062,792.800,2206.000,61244.400,138.148,17.550,535.350,163.515,6911.500,6,5,summer
2016-05-16,413.500,7703.700,202.555,51632.500,401.120,90.300,100.046,4912.000,1693.500,1621.350,7317.250,675.603,1157.600,1585.000,60426.800,257.036,22.890,859.350,165.595,7300.000,0,5,summer
2016-05-17,1739.250,21787.200,911.669,43267.200,1144.480,731.400,5745.163,12318.000,8612.500,1563.720,38616.500,1128.675,32635.000,4711.750,61155.200,914.246,126.420,5150.400,247.945,21074.000,1,5,summer
2016-05-18,1701.500,23717.880,513.189,34778.500,1275.520,683.340,7020.160,16226.000,10073.000,1565.340,56610.750,1160.815,32300.400,4660.250,60651.600,1234.852,143.700,6191.700,222.750,21603.000,2,5,summer
2016-05-19,1839.000,23067.540,407.112,35900.200,1278.480,734.880,7482.114,15583.000,10432.500,1536.330,69442.250,1141.467,31301.000,5112.250,60074.800,1250.114,177.270,6072.750,252.810,20412.000,3,5,summer
2016-05-20,1597.500,17516.400,360.790,34505.500,1318.800,681.300,7115.694,14828.000,9634.500,1478.340,56560.250,975.581,28619.200,4992.750,58495.600,1222.776,90.255,5976.150,260.710,19143.000,4,5,summer
2016-05-21,411.000,9942.060,181.825,37582.500,416.080,219.000,198.099,12090.000,2974.500,1470.600,19392.750,737.331,23157.200,2804.500,58414.400,466.263,24.375,508.950,134.330,10643.500,5,5,summer
2016-05-22,405.500,7674.000,185.631,37261.900,452.960,3.120,88.036,7366.000,1772.500,1571.100,8211.750,722.605,662.400,1978.250,58164.400,133.989,21.750,718.800,125.730,8153.000,6,5,summer
2016-05-23,1661.250,23752.500,786.544,44747.200,1285.760,601.950,7692.556,14220.000,9371.000,1579.980,45756.750,1097.315,33726.000,5007.750,60257.200,742.233,123.780,6197.700,235.325,19320.000,0,5,summer
2016-05-24,1576.500,24400.560,488.951,51434.400,1239.920,622.800,6512.554,15401.000,9899.000,1593.120,66963.250,1125.611,32759.600,5347.750,62945.200,1012.816,168.270,6852.750,273.815,19617.500,1,5,summer
2016-05-25,1517.000,23533.320,459.286,50771.400,1266.720,510.750,6823.181,15603.000,10012.500,1539.870,66021.000,1153.212,28226.400,5267.000,64431.600,1371.447,160.350,6494.100,274.300,18790.000,2,5,summer
2016-05-26,325.000,24720.600,189.149,53121.900,581.760,9.720,78.014,16833.000,2159.500,1546.890,23521.000,770.541,1142.000,2382.750,64183.600,133.092,25.125,667.950,120.560,10522.500,3,5,summer
2016-05-27,466.750,18008.580,351.799,57632.000,1119.600,375.390,90.530,21809.000,6657.000,1566.960,65086.250,793.677,16294.000,4736.250,62952.800,131.221,28.140,479.250,218.665,10164.500,4,5,summer
2016-05-28,407.000,12633.240,184.058,56970.400,663.440,218.760,95.041,9524.000,1842.500,1610.790,24173.000,761.164,17876.600,2961.750,61696.000,133.506,24.375,481.650,123.520,8281.000,5,5,summer
2016-05-29,405.750,6903.900,184.508,54347.200,429.440,4.380,97.037,11381.000,1774.500,1600.680,8211.750,711.823,655.800,2190.500,61582.000,135.864,20.205,603.000,116.965,6582.500,6,5,summer
2016-05-30,1626.250,24236.700,410.846,54455.100,1232.560,573.120,7081.076,15119.000,10427.500,1496.550,40830.250,1073.315,34303.200,5007.750,62512.800,1181.894,162.165,6928.350,233.960,19683.500,0,5,summer
2016-05-31,1480.000,24611.700,592.452,49955.200,1307.280,591.690,8111.657,17181.000,9599.500,1472.010,51896.000,1111.315,34802.000,5187.750,64644.000,1356.190,187.905,6787.050,212.940,21947.500,1,5,summer
2016-06-01,1810.000,25077.960,417.559,48961.500,1265.600,680.130,7988.648,15375.000,9824.000,1371.690,48956.750,1143.303,34427.000,5328.000,64604.400,1356.350,173.775,6747.150,279.480,21317.000,2,6,summer
2016-06-02,1697.750,25803.960,423.852,48536.700,1306.880,737.010,7366.097,17289.000,9899.500,1428.930,40151.500,1165.207,28004.600,5237.250,64264.800,1316.204,179.220,6287.400,269.880,22048.000,3,6,summer
2016-06-03,1342.500,19316.100,393.045,47392.100,1261.920,624.390,6404.618,19872.000,8742.000,1432.620,41277.000,947.162,22218.000,5166.000,62441.600,1072.146,114.510,5732.700,232.620,18177.000,4,6,summer
2016-06-04,336.250,12051.360,200.858,52763.500,703.440,173.490,552.066,8671.000,1266.500,1571.850,11724.750,702.615,19075.000,2670.750,62010.800,138.805,71.385,538.800,126.720,10610.500,5,6,summer
2016-06-05,337.000,6951.840,180.007,55802.200,335.600,7.950,82.542,5607.000,1724.500,1566.330,8700.750,719.244,666.600,2197.750,60828.400,166.635,52.455,627.900,113.945,7992.000,6,6,summer
2016-06-06,1442.000,23590.620,473.982,59248.300,1265.200,684.720,8043.151,16118.000,10081.000,1397.100,50693.750,1312.874,32338.200,4898.750,61266.000,1426.368,126.105,5764.350,198.135,20308.500,0,6,summer
2016-06-07,1424.000,24518.040,395.708,58773.300,1475.360,791.130,6822.650,15774.000,11474.500,1404.570,52593.500,1372.038,34532.200,5137.000,61732.400,1156.433,121.440,5946.150,246.065,21575.500,1,6,summer
2016-06-08,1344.000,23190.840,448.121,55178.200,1398.800,794.760,7095.097,11749.000,10613.500,1277.700,46628.750,1304.838,35897.200,5349.750,62048.400,1262.028,140.040,6045.300,258.420,21085.500,2,6,summer
2016-06-09,1168.750,23778.600,364.981,57122.200,1302.160,775.830,6763.679,15726.000,9794.000,1398.480,45879.250,1299.966,35883.000,5113.250,61631.200,1402.215,185.490,5927.850,276.065,22794.000,3,6,summer
2016-06-10,1125.750,18601.620,317.282,55964.600,1453.280,674.310,5029.693,17169.000,9819.000,1411.740,48858.250,1142.253,36910.200,5066.250,60735.600,765.490,107.160,5046.750,264.970,18891.000,4,6,summer
2016-06-11,361.000,11667.600,168.058,53472.000,712.960,242.880,226.069,8738.000,1933.000,1486.410,10556.750,707.844,27323.600,2965.000,60277.200,145.568,41.655,459.450,149.555,11564.000,5,6,summer
2016-06-12,340.000,7698.120,147.424,42713.100,375.200,6.090,91.534,11910.000,1695.500,1583.880,8404.750,697.141,690.200,2093.000,59497.200,139.701,19.530,450.750,124.485,7959.000,6,6,summer
2016-06-13,1299.500,21822.060,366.274,37239.000,1307.920,781.740,6959.083,17034.000,9481.500,1467.720,50857.900,1315.643,39144.600,4982.000,60887.200,983.854,203.490,5023.200,226.450,20396.000,0,6,summer
2016-06-14,1416.500,24150.960,410.042,27885.800,1306.080,776.730,8302.076,15680.000,9828.000,1483.560,49136.300,1304.590,35851.200,5227.000,60980.000,997.561,182.670,4974.600,243.300,21307.000,1,6,summer
2016-06-15,1439.750,23603.100,432.950,24648.100,1318.880,658.320,7914.644,12992.000,10286.500,1461.690,53941.100,1315.579,38405.200,4965.000,61785.600,1015.022,148.275,4972.950,257.985,23545.500,2,6,summer
2016-06-16,1508.750,23470.860,578.447,24176.100,1294.480,744.240,7558.074,16910.000,10136.500,1467.900,54644.600,1306.747,36526.400,5192.250,60010.800,1012.895,176.715,4969.050,251.400,21752.000,3,6,summer
2016-06-17,909.000,17756.220,960.673,23652.400,1234.080,633.000,8122.609,14804.000,9244.000,1562.520,47200.600,1109.305,37753.200,5080.000,59543.600,1045.214,150.390,3687.600,293.495,19020.000,4,6,summer
2016-06-18,335.250,11445.960,186.332,22821.500,304.880,232.530,165.070,11946.000,1760.000,1561.170,10819.700,675.395,25844.000,2869.250,59648.800,138.387,43.860,472.200,125.370,9519.500,5,6,summer
2016-06-19,333.500,6847.980,189.984,30991.600,304.800,4.740,71.050,5594.000,1683.500,1609.170,8119.900,672.118,934.600,1953.750,58606.400,134.972,18.090,478.200,126.780,7694.500,6,6,summer
2016-06-20,1363.000,22627.080,372.831,31358.600,1295.760,679.320,7652.688,18882.000,9824.000,1473.780,44850.000,1295.147,30134.400,4938.750,60008.400,1002.457,136.770,4307.100,195.395,23124.000,0,6,summer
2016-06-21,1331.000,25039.620,394.487,31483.800,1396.400,820.470,8760.611,15988.000,12043.500,1519.350,44429.800,1276.804,31293.600,5089.500,60012.000,1046.601,192.585,5910.000,231.280,23375.500,1,6,summer
2016-06-22,1390.250,24550.200,348.041,42463.600,1444.800,765.000,8351.698,13730.000,12462.500,1460.610,43121.300,1511.776,28837.800,5045.250,60318.800,1027.506,216.375,6585.000,224.205,23719.000,2,6,summer
2016-06-23,1603.750,25245.480,437.589,50349.100,1374.800,723.930,8177.196,16144.000,11803.500,1421.520,50239.200,1583.925,30267.200,5241.500,61004.000,1041.863,139.725,4850.700,214.760,23648.000,3,6,summer
2016-06-24,1173.250,18876.180,456.651,47816.700,1291.760,631.470,6393.181,17396.000,10545.500,1480.170,51927.200,1380.471,36762.200,4993.250,60256.000,1045.300,120.945,4398.600,227.700,21406.500,4,6,summer
2016-06-25,360.750,9717.900,202.012,47191.500,430.240,467.580,587.100,11410.000,3428.000,1654.440,14713.500,801.901,25494.000,2949.500,58868.800,261.360,65.370,633.750,105.760,10437.000,5,6,summer
2016-06-26,350.750,7012.560,189.923,43474.600,358.320,237.930,81.050,7910.000,2085.500,1540.050,7910.000,758.096,1678.400,1759.000,58078.000,167.689,59.490,447.750,110.830,8089.000,6,6,summer
2016-06-27,1426.250,21062.520,754.614,56294.100,1168.640,626.640,6144.155,12371.000,9929.000,1477.890,50385.300,1288.729,38738.600,4675.000,60054.400,1158.397,155.205,6295.500,242.675,22756.000,0,6,summer
2016-06-28,1688.250,22087.440,507.805,52005.300,1322.960,747.150,8966.649,18000.000,11453.000,1496.790,54715.100,1366.294,35251.600,5257.750,60148.400,1284.714,167.370,6182.550,230.970,23255.000,1,6,summer
2016-06-29,1890.000,22368.060,423.272,49974.000,1388.880,910.920,8136.640,12691.000,10319.500,1483.680,52450.800,1435.655,36948.600,5491.500,61331.600,1142.483,139.980,5933.550,257.775,24177.500,2,6,summer
2016-06-30,1752.750,22549.380,390.145,48868.200,1422.000,761.580,8869.632,16116.000,9883.000,1456.140,57042.600,1394.567,39066.600,5572.500,61574.400,1192.425,156.480,5899.650,301.270,23621.500,3,6,summer
2016-07-01,1366.750,16995.060,322.621,60716.600,1081.200,610.770,7433.153,16571.000,9563.000,1486.350,50240.000,1031.845,35093.000,5413.250,62229.200,1150.314,111.690,5481.450,256.600,20915.500,4,7,summer
2016-07-02,352.250,8516.160,185.728,56153.100,473.440,207.960,588.051,10832.000,1088.000,1524.690,9930.500,730.477,24576.400,2702.250,62082.800,139.869,43.095,539.100,138.165,9349.000,5,7,summer
2016-07-03,345.500,7069.320,139.163,57100.200,479.440,10.500,89.543,7669.000,1109.000,1556.370,8494.300,722.719,702.000,1831.500,60988.000,165.408,37.455,607.500,127.975,8196.500,6,7,summer
2016-07-04,1871.000,21234.960,474.374,57412.400,1373.920,774.600,5935.180,12461.000,9782.500,1323.780,43699.400,1238.109,36289.200,5358.500,61476.000,1337.750,164.640,7245.150,216.855,24830.500,0,7,summer
2016-07-05,1736.000,21619.860,378.947,59806.800,1418.640,780.210,8556.645,16829.000,10597.500,1495.740,47968.000,1408.010,35635.600,5386.250,62559.600,1519.722,144.600,6751.800,275.505,23513.500,1,7,summer
2016-07-06,2015.250,21155.220,335.801,50110.900,1322.240,789.930,7206.681,12958.000,9681.000,1636.470,52667.900,1369.717,31359.400,5278.000,62631.600,1401.238,146.895,5047.650,234.170,24389.500,2,7,summer
2016-07-07,1791.500,20378.460,299.970,49400.100,1410.080,849.990,6613.702,16426.000,8833.500,1525.440,45430.000,1391.238,26265.400,5159.000,62133.600,1446.772,163.410,5556.900,196.505,23198.500,3,7,summer
2016-07-08,1595.750,17341.740,341.398,53600.500,1471.520,751.470,6219.181,14238.000,9258.000,1543.650,48960.200,1330.565,27282.400,4888.500,59670.000,1227.918,134.430,4458.750,221.720,21003.000,4,7,summer
2016-07-09,369.750,8682.000,154.055,58194.800,719.120,284.910,442.578,8724.000,1760.500,1634.730,11933.800,876.715,24288.600,2931.750,58846.000,135.625,26.190,516.300,129.750,10792.000,5,7,summer
2016-07-10,395.500,8382.600,154.369,55954.900,795.280,10.380,96.022,5385.000,1969.500,1559.670,7699.800,948.628,1079.000,2348.250,58335.200,185.157,21.690,581.850,112.750,8873.000,6,7,summer
2016-07-11,1548.750,22869.840,359.204,46818.800,1474.880,847.800,8414.602,16222.000,10208.500,1516.320,58981.300,1532.917,23737.200,5249.000,58999.200,1338.727,119.145,6229.800,207.215,22901.000,0,7,summer
2016-07-12,1586.000,23709.180,404.034,32117.900,1427.440,898.380,6889.078,17831.000,10193.000,1524.810,55571.900,1395.696,22339.800,5608.250,59985.600,1258.765,190.785,6073.200,214.200,23594.000,1,7,summer
2016-07-13,1552.500,24522.360,442.161,35609.500,1456.560,981.450,6985.092,18527.000,10187.500,1485.840,46501.700,1313.076,34201.400,5702.750,61323.200,1288.304,201.000,6238.950,226.415,24424.000,2,7,summer
2016-07-14,1581.750,23039.220,363.132,37769.600,1365.360,982.200,7315.630,16834.000,8657.000,1515.480,53382.300,1249.051,33190.200,5482.250,60569.600,1088.622,198.750,5735.550,257.465,22442.500,3,7,summer
2016-07-15,1183.250,17735.580,448.641,38422.800,1229.920,826.620,8200.643,18480.000,7432.500,1591.350,56766.400,1124.241,31925.200,5332.750,59722.400,926.488,92.460,5431.500,249.760,21283.500,4,7,summer
2016-07-16,341.000,10060.260,161.001,37131.200,445.840,237.600,528.591,11123.000,1050.500,1598.310,9796.200,724.168,23228.800,2606.750,60341.200,139.050,45.630,533.850,119.330,10620.000,5,7,summer
2016-07-17,340.000,7771.080,173.714,37669.100,476.480,11.730,73.024,3779.000,855.500,1612.470,8009.700,792.678,677.600,2578.500,60475.600,184.751,22.065,646.650,113.260,8485.000,6,7,summer
2016-07-18,1584.000,24202.980,342.093,51771.800,1254.240,997.500,8351.185,16702.000,7923.000,1491.210,44001.400,1426.329,36932.000,5412.500,62648.000,1535.056,139.515,6713.700,200.790,21274.500,0,7,summer
2016-07-19,1579.500,24783.300,347.281,57380.300,1282.880,769.890,7636.690,19288.000,9397.500,1416.990,47442.500,1526.138,35368.400,5612.500,64221.200,1625.146,137.655,5244.150,198.850,22511.500,1,7,summer
2016-07-20,1602.000,25445.100,352.879,51388.000,1339.440,1021.290,7524.680,15945.000,9331.500,1528.020,45268.600,1577.187,28790.400,5300.000,65153.200,1079.566,147.810,6367.950,236.940,22912.500,2,7,summer
2016-07-21,1688.500,26411.940,816.123,45526.300,1298.400,950.970,8071.177,16803.000,10299.500,1479.690,52835.800,1494.028,36240.600,5648.250,65037.600,1246.197,168.210,6662.400,251.615,24178.500,3,7,summer
2016-07-22,1353.500,19822.740,547.632,54627.500,1256.320,899.460,7136.596,15057.000,8916.000,1541.970,47969.800,1106.153,34122.400,5540.000,64770.000,1110.170,89.835,5480.100,250.365,23730.000,4,7,summer
2016-07-23,389.750,9175.260,158.256,54246.300,403.680,327.420,677.589,7743.000,2267.000,1529.520,17996.900,808.224,24516.000,2190.250,63820.800,135.545,48.600,624.750,123.755,10885.000,5,7,summer
2016-07-24,387.250,8435.700,173.560,56370.600,449.440,12.120,89.534,7019.000,1946.500,1536.930,8180.700,853.180,641.600,1446.000,62245.600,167.870,29.265,500.700,112.490,8695.000,6,7,summer
2016-07-25,1447.250,25560.360,444.021,56254.900,1336.720,902.220,6126.159,15410.000,9967.500,1486.680,49356.900,1520.404,37524.000,5230.750,63307.200,1284.466,97.500,4278.150,223.230,24017.000,0,7,summer
2016-07-26,1699.250,23910.600,398.446,50432.500,1308.720,900.930,6091.666,15796.000,10438.000,1452.840,50062.500,1541.540,39011.800,5318.500,62360.000,1279.729,87.555,4562.850,293.605,24078.500,1,7,summer
2016-07-27,1422.500,25102.920,398.492,50880.900,1176.160,874.890,5176.157,14415.000,10431.000,1595.520,46584.900,1475.146,37486.400,5470.500,61874.400,1351.377,103.365,3611.100,250.005,26035.000,2,7,summer
2016-07-28,1886.250,24505.740,432.492,49439.900,1246.400,976.860,4229.636,17237.000,10869.500,1521.540,48587.400,1318.803,34913.800,5321.750,60937.600,1382.957,138.975,4758.300,202.975,22849.000,3,7,summer
2016-07-29,1227.000,17863.080,691.232,49787.300,1216.080,792.000,1042.606,15521.000,9671.500,1617.180,44270.700,1056.566,34461.600,4796.250,59721.200,1309.440,93.495,4705.350,275.630,19623.500,4,7,summer
2016-07-30,368.000,8788.140,196.899,50767.000,438.480,324.510,120.558,8914.000,1972.500,1593.480,8500.400,882.346,2337.400,2449.500,59745.200,132.532,23.580,1044.750,123.540,8702.500,5,7,summer
2016-07-31,356.500,6956.340,206.228,52535.800,334.240,12.360,94.534,5477.000,1698.500,1681.260,8370.500,800.273,667.000,2023.500,59316.000,129.597,28.470,602.550,113.130,8257.500,6,7,summer
2016-08-01,1281.750,21097.620,611.608,56405.600,1146.160,590.580,75.530,16426.000,8877.500,1495.800,57820.700,1353.490,39561.000,5274.000,60242.400,132.040,120.000,4693.200,190.830,23596.000,0,8,summer
2016-08-02,1597.000,22017.960,385.785,57528.200,1208.800,544.080,164.550,15019.000,9925.500,1665.150,52583.400,1338.438,37806.000,5313.250,61272.400,146.635,153.180,4824.900,230.740,23883.500,1,8,summer
2016-08-03,1655.000,23400.660,415.835,57642.200,1247.680,520.710,85.066,15242.000,9172.000,1593.570,51464.400,1476.044,33740.000,5455.500,61252.800,140.517,141.285,5593.050,239.555,24191.500,2,8,summer
2016-08-04,1790.250,22514.340,423.349,53727.400,1296.640,556.860,186.062,16647.000,9198.000,1605.000,46747.500,1431.577,39896.000,5135.000,61383.200,136.684,121.140,5225.250,294.530,24084.000,3,8,summer
2016-08-05,1231.250,18559.380,661.582,55925.300,1185.200,400.440,109.048,15007.000,8626.500,1687.920,53208.600,1075.050,36455.400,4981.000,60182.400,135.298,181.065,5282.700,297.045,21400.000,4,8,summer
2016-08-06,338.750,9485.220,188.807,45148.000,426.400,9.300,77.531,6407.000,2067.000,1592.370,8964.300,721.755,2390.800,2707.000,60179.200,133.830,69.060,882.300,127.770,9604.000,5,8,summer
2016-08-07,337.000,6790.260,153.799,43497.500,495.760,9.960,67.515,12786.000,1696.500,1644.660,8377.800,748.328,700.000,2130.500,59809.600,133.260,70.530,495.000,116.765,8273.000,6,8,summer
2016-08-08,1429.000,22701.720,613.533,44530.700,1236.000,9.510,75.516,14598.000,6986.500,1593.900,54058.800,1301.591,32128.000,4946.750,60681.600,132.616,146.685,5207.550,205.470,23213.000,0,8,summer
2016-08-09,1505.000,20486.460,861.382,42854.800,1167.840,10.110,171.057,13491.000,8297.000,1675.650,41675.900,1182.429,36969.400,5140.000,62833.600,133.506,179.565,4906.200,209.825,23239.500,1,8,summer
2016-08-10,1422.750,20731.980,1074.344,42448.500,1142.080,9.480,77.510,14477.000,8368.500,1667.400,37165.500,1146.541,36821.600,5070.500,63780.400,140.927,217.125,4634.100,236.030,23995.500,2,8,summer
2016-08-11,1486.250,20782.320,698.006,41067.400,1166.240,9.870,1277.666,9928.000,7715.000,1568.820,37170.000,1165.453,41516.800,5039.750,62766.400,134.644,141.390,4959.150,250.250,22287.500,3,8,summer
2016-08-12,1311.500,17269.200,337.742,42472.200,1174.800,10.110,829.115,11699.000,8077.500,1617.390,32924.600,971.439,39966.800,5168.500,61724.800,135.135,158.160,5287.650,268.685,21922.000,4,8,summer
2016-08-13,339.750,9083.160,162.161,44696.200,387.520,9.180,431.072,13327.000,1812.000,1600.260,10881.000,783.688,2396.200,2606.000,61087.200,132.691,56.250,1300.800,119.165,11747.000,5,8,summer
2016-08-14,338.750,7434.480,141.601,38016.600,392.400,10.320,79.523,11301.000,1717.000,1729.200,8506.000,827.389,669.400,2251.750,59028.400,130.165,48.300,439.800,111.110,8501.500,6,8,summer
2016-08-15,1282.250,21274.080,378.128,32981.000,1260.320,556.050,4961.667,15621.000,8644.500,1648.770,31136.900,1504.092,29946.600,5245.500,59837.600,956.767,25.275,573.300,139.720,8608.500,0,8,summer
2016-08-16,1407.500,21830.940,459.245,30870.600,1304.000,467.730,5727.170,16318.000,8134.000,1617.840,31320.500,1483.281,34341.400,5322.750,61736.400,1511.231,138.270,4466.550,283.430,21885.000,1,8,summer
2016-08-17,1439.750,21669.720,409.131,19127.000,1255.520,569.670,6705.091,11924.000,8079.500,1694.340,31861.600,1414.329,35348.800,5336.250,62431.200,1500.782,148.530,6066.150,202.745,22361.500,2,8,summer
2016-08-18,1323.000,21384.720,510.217,14722.700,1270.800,646.320,5401.579,15708.000,7979.000,1637.970,29951.200,1194.175,37810.600,5134.500,63350.000,1460.395,149.115,5311.200,262.200,22622.000,3,8,summer
2016-08-19,1107.000,16852.740,456.199,18285.600,1292.640,563.250,5616.618,12381.000,7317.000,1587.300,22165.300,1018.825,24558.800,4823.750,64219.200,1420.976,94.260,4705.200,275.670,21969.500,4,8,summer
2016-08-20,352.500,12103.740,213.904,32169.600,506.960,303.300,130.034,16180.000,1996.000,1582.680,10080.500,712.876,2622.000,2519.500,64411.600,530.649,44.805,866.100,120.860,9377.500,5,8,summer
2016-08-21,340.500,7216.740,196.485,30657.400,463.600,45.180,85.536,6446.000,1727.000,1660.650,7388.500,691.851,1214.800,1804.500,63142.400,177.488,23.520,758.550,114.245,7736.500,6,8,summer
2016-08-22,1489.250,23823.300,423.403,35443.200,1196.800,983.970,6114.141,11879.000,7762.000,1477.350,26273.000,1194.153,11464.000,4782.250,64288.800,1309.514,107.205,5948.550,183.260,20686.000,0,8,summer
2016-08-23,1468.000,23416.380,518.096,31571.200,1330.720,969.900,5730.168,13409.000,9427.500,1617.060,51331.700,1338.283,17700.000,5411.750,64553.600,1386.707,125.265,6235.350,228.875,22849.500,1,8,summer
2016-08-24,1449.500,24485.700,703.455,38644.400,1341.920,959.940,7205.165,15897.000,9331.000,1535.190,50541.800,1390.255,22826.200,5294.750,64424.400,1402.212,101.415,6104.400,281.700,23657.000,2,8,summer
2016-08-25,1510.750,23798.940,389.274,40664.500,1308.160,1089.630,8237.664,13086.000,9334.000,1547.130,65822.600,1417.580,34114.600,5326.750,63748.800,1422.042,114.345,6011.850,288.615,24485.000,3,8,summer
2016-08-26,1216.250,17433.960,377.063,41879.400,1270.000,998.700,6884.660,13971.000,8799.000,1553.880,40896.100,1194.754,29571.400,5121.750,62799.600,1259.903,93.165,5350.800,203.175,20270.500,4,8,summer
2016-08-27,396.250,8312.520,206.923,41549.600,644.800,334.290,83.014,6243.000,2038.500,1600.560,9007.800,914.868,1962.000,2406.000,62961.600,147.615,20.820,1789.950,133.565,9723.000,5,8,summer
2016-08-28,395.250,7352.700,189.973,45987.300,639.120,11.910,88.518,4492.000,1956.000,1640.790,8381.300,890.568,522.200,1864.250,61783.600,176.503,18.015,908.100,124.340,8407.500,6,8,summer
2016-08-29,1562.750,23364.960,383.251,55569.900,1314.800,994.200,9061.108,11038.000,9135.500,1529.490,48348.800,1282.876,31022.600,5207.500,60638.400,1452.888,146.640,5569.950,223.825,23897.500,0,8,summer
2016-08-30,1562.000,24004.860,427.440,58228.300,1326.720,1045.290,6636.159,13817.000,10169.000,1529.250,62335.300,1264.716,30728.200,5176.250,61083.200,1263.820,119.850,5168.550,262.295,23673.000,1,8,summer
2016-08-31,1597.250,24169.200,379.282,57926.800,1282.480,965.700,7350.124,11137.000,10087.000,1505.250,54416.100,1306.178,30430.600,5435.500,63134.000,1395.036,172.425,4870.950,256.015,22977.000,2,8,summer
2016-09-01,1667.500,24899.460,371.609,53432.000,1256.240,997.290,7648.150,13623.000,9938.000,1500.210,53618.500,1301.857,36207.600,5379.750,63542.800,1272.304,150.855,4995.750,228.670,23024.500,3,9,summer
2016-09-02,1485.250,17997.840,362.154,43379.800,1328.080,888.810,6289.640,14167.000,8803.500,1491.150,55999.300,1011.786,33046.200,5081.500,63679.600,1275.330,113.475,4797.150,252.135,19681.000,4,9,summer
2016-09-03,375.250,8380.500,160.498,56238.300,600.720,224.970,181.561,8983.000,1832.000,1601.130,17775.200,769.726,2544.200,2399.250,63090.800,136.277,27.930,2216.850,147.830,9738.500,5,9,summer
2016-09-04,360.750,7834.620,174.384,51423.900,533.920,12.000,123.034,5131.000,1722.500,1568.250,8279.400,720.027,1734.600,2316.500,61687.600,167.609,19.425,746.850,116.295,8511.500,6,9,summer
2016-09-05,1497.000,23783.220,380.429,52977.200,1305.040,965.130,6223.591,14403.000,9884.500,1554.660,46867.700,1149.091,21160.200,4919.250,62120.000,1466.190,182.760,6412.200,253.365,21088.500,0,9,summer
2016-09-06,1731.250,24385.680,494.910,52854.200,1319.520,988.260,6109.649,16116.000,10985.000,1594.920,60280.400,1167.112,36575.400,5189.500,61479.600,1378.548,151.230,5420.250,256.350,23756.000,1,9,summer
2016-09-07,1637.750,25170.960,398.392,47135.000,1331.040,1086.900,7049.656,14548.000,11473.500,1524.600,54003.300,1232.818,33517.000,5364.000,60171.200,1436.655,195.075,6187.500,263.045,21987.000,2,9,summer
2016-09-08,1661.750,25106.340,376.805,50858.900,1374.960,942.480,6575.650,14874.000,11504.000,1584.840,40365.400,1259.771,35908.400,5062.750,60251.600,1438.198,180.330,5471.850,220.685,20899.000,3,9,summer
2016-09-09,1346.750,19165.980,565.797,50655.500,1398.240,1016.550,5157.140,14310.000,10463.000,1611.630,39066.300,998.677,30937.800,4837.250,61006.800,1385.078,82.260,5522.250,262.830,20037.000,4,9,summer
2016-09-10,371.750,10055.340,168.189,49636.300,573.360,298.680,222.039,10067.000,1970.500,1560.630,13415.900,765.836,2642.800,2325.500,61364.000,133.423,28.500,1920.000,138.220,9654.000,5,9,summer
2016-09-11,363.750,7964.040,187.709,46711.300,573.120,12.000,90.506,4981.000,1894.500,1525.860,7912.900,767.457,270.800,2046.500,59880.800,160.269,18.450,872.100,115.930,8089.500,6,9,summer
2016-09-12,1903.500,24354.660,1525.441,41687.200,1351.600,970.530,7006.638,13017.000,10548.000,1530.750,34934.200,1470.501,23211.800,4771.750,60562.800,1436.155,130.260,5723.400,224.185,18536.000,0,9,summer
2016-09-13,1825.000,25676.760,1370.080,38682.400,1428.800,978.090,7648.633,17748.000,11360.000,1535.820,41949.600,1496.527,32960.000,4733.000,62936.000,1521.680,138.855,5340.750,251.780,20601.000,1,9,summer
2016-09-14,2283.000,25912.200,468.422,39257.100,1484.080,1042.980,8313.130,15932.000,11543.500,1577.850,35548.300,1360.714,34695.800,4946.500,63272.800,1395.035,185.085,6196.650,303.485,15346.500,2,9,summer
2016-09-15,1986.250,26635.440,404.127,37320.000,1343.120,1086.600,8401.045,15623.000,10735.000,1574.520,45837.200,1217.989,40115.000,5415.000,63915.200,1295.886,179.085,6432.300,256.445,11693.500,3,9,summer
2016-09-16,1808.500,17594.460,402.081,49032.000,1354.800,977.640,7889.541,16003.000,10764.500,1507.230,34246.900,927.029,35991.200,5209.000,64167.200,1404.010,107.145,5439.300,249.140,13283.500,4,9,summer
2016-09-17,350.250,9549.000,190.543,53787.300,454.640,386.820,106.531,11621.000,2635.500,1524.840,17287.400,676.392,1658.600,2235.750,64575.200,136.601,38.145,2236.050,150.715,6799.500,5,9,summer
2016-09-18,342.500,7123.080,164.868,50455.000,424.640,10.290,134.518,7309.000,1714.500,1544.100,12504.600,667.551,610.000,2253.750,62935.200,135.710,22.980,698.850,126.690,7229.000,6,9,summer
2016-09-19,1799.250,23471.760,395.095,49359.600,1319.520,904.830,4754.575,17168.000,10654.000,1493.670,51305.800,1270.343,38426.600,5112.000,60872.800,1090.019,279.555,6764.250,290.680,21102.500,0,9,summer
2016-09-20,1839.750,23346.720,979.868,51512.200,1323.760,871.260,6748.060,20449.000,10720.000,1541.520,51867.200,1317.242,38499.800,5217.500,59866.000,1147.459,224.505,6706.200,253.535,22929.500,1,9,summer
2016-09-21,1858.500,22919.820,433.396,48388.600,1302.480,915.570,5786.119,15468.000,10710.500,1544.130,61860.600,1307.588,36662.000,5474.000,60405.600,1107.310,202.545,6924.300,291.000,22171.500,2,9,summer
2016-09-22,1711.000,23789.100,373.902,54081.900,1251.440,873.450,7094.629,17552.000,11094.000,1538.670,68183.900,1293.904,31463.200,5366.000,60144.400,1117.184,188.040,6543.600,300.310,21445.000,3,9,summer
2016-09-23,1346.250,17726.580,371.757,55926.900,1232.880,746.610,6617.604,17662.000,9357.000,1550.280,53179.400,1153.568,31167.400,5248.250,59715.600,661.450,143.865,5329.350,266.245,20708.000,4,9,summer
2016-09-24,378.500,8652.600,200.308,56273.400,484.560,343.080,107.519,11458.000,1364.500,1496.430,17339.100,689.318,18301.800,2284.250,59484.800,137.743,19.920,1731.600,156.605,10808.000,5,9,summer
2016-09-25,379.750,7380.120,157.771,55428.400,459.440,10.380,94.506,5693.000,852.500,1555.860,8425.300,699.845,1361.000,2002.500,59296.800,129.996,18.750,776.850,134.730,8329.500,6,9,summer
2016-09-26,1754.500,21872.460,474.074,57582.900,1244.640,995.820,7465.087,14988.000,10223.500,1474.410,59496.900,1264.341,37801.600,5160.750,60221.200,1157.174,185.430,6508.950,243.825,18702.000,0,9,summer
2016-09-27,1845.000,23287.200,533.667,57988.600,1311.280,1058.010,7617.102,16154.000,11994.000,1571.490,49228.900,1159.742,30870.800,5232.250,63071.600,1214.378,241.305,6367.500,285.975,23576.500,1,9,summer
2016-09-28,1683.750,22317.960,485.895,51126.300,1270.080,1053.000,6980.612,13683.000,11879.500,1562.160,39234.800,1192.107,23202.400,5106.500,63318.800,1232.896,220.080,6392.250,301.620,22839.500,2,9,summer
2016-09-29,1550.000,21576.600,440.581,50191.400,1240.880,1025.730,6439.626,17292.000,11376.000,1499.670,39312.300,1282.079,21659.800,5160.750,62793.600,1243.177,185.580,6502.350,264.260,22044.000,3,9,summer
2016-09-30,1329.250,16807.740,434.445,54588.400,1199.520,927.840,5551.555,17951.000,10648.500,1479.840,37905.400,934.616,27522.400,5104.500,61796.000,1164.353,114.150,5873.250,265.230,21220.500,4,9,summer
2016-10-01,346.750,7762.740,210.344,51027.600,441.520,268.110,194.030,11258.000,1269.000,1614.960,9171.700,673.542,16244.800,2494.750,63068.000,136.192,15.075,530.850,128.425,10278.500,5,10,winter
2016-10-02,340.500,6749.760,204.395,53681.000,400.560,9.990,97.014,5007.000,867.000,1606.590,7823.200,661.453,876.000,1992.500,63244.400,134.326,14.730,505.050,164.380,8237.500,6,10,winter
2016-10-03,340.250,8157.480,214.926,52621.100,527.840,10.080,98.020,10795.000,1094.500,1620.450,7546.800,680.015,1076.200,1635.750,63908.400,134.403,19.935,831.300,148.980,8569.500,0,10,winter
2016-10-04,2016.500,19180.200,445.895,48029.100,1311.680,921.180,6835.098,15998.000,10642.000,1495.140,37051.400,1307.618,26059.000,4952.000,65732.000,917.516,283.410,5716.050,318.770,21950.500,1,10,winter
2016-10-05,2371.750,19861.080,458.633,42796.800,1167.600,976.830,7562.622,14113.000,11617.000,1550.640,39349.400,1313.902,31502.000,5107.000,65233.200,837.048,236.400,6362.700,352.855,24804.000,2,10,winter
2016-10-06,2537.750,19334.880,1118.295,34403.300,1395.360,1036.980,7995.061,16402.000,11873.000,1590.090,40463.000,1295.464,32367.000,5198.750,64901.200,852.965,339.540,5649.600,344.780,23232.500,3,10,winter
2016-10-07,2000.000,16207.320,1234.230,34991.800,1424.480,917.070,5552.039,15315.000,10758.000,1632.330,29381.100,1133.136,33110.000,4941.250,63550.400,562.063,202.710,4927.200,390.215,20046.500,4,10,winter
2016-10-08,446.750,7869.720,229.319,46610.400,587.920,420.210,204.046,8036.000,1939.500,1600.380,7815.600,715.218,8937.600,2359.500,62675.200,142.559,25.020,667.050,227.210,13305.000,5,10,winter
2016-10-09,454.750,7428.780,220.841,50655.200,540.320,9.840,126.530,6548.000,769.000,1635.240,7723.200,709.592,1884.000,2033.750,62278.400,138.558,22.095,819.600,198.925,8616.500,6,10,winter
2016-10-10,2199.000,20079.180,727.706,52304.300,1346.160,1017.240,6130.565,16794.000,10319.000,1549.470,29689.100,1280.200,41455.800,5004.250,63264.400,1097.682,278.520,7419.900,315.510,22725.000,0,10,winter
2016-10-11,2219.000,21038.100,575.436,52628.000,1355.760,1065.630,8147.572,14240.000,11258.500,1564.050,35497.400,1294.588,42745.600,5238.000,65097.600,1169.492,296.430,6970.200,353.115,24098.000,1,10,winter
2016-10-12,2277.750,21092.580,698.657,53261.500,1353.760,1069.140,7938.579,13796.000,11748.000,1524.690,39951.100,1269.627,45996.000,4963.750,65400.000,1177.080,303.150,5903.100,365.040,24125.500,2,10,winter
2016-10-13,2467.500,19807.860,746.708,48571.900,1357.280,1044.960,8645.562,14650.000,11840.000,1457.700,37398.800,1149.795,38169.800,5071.000,65214.000,1159.619,337.950,6442.950,425.350,21772.000,3,10,winter
2016-10-14,2188.000,14334.240,410.119,51359.400,1345.840,1045.140,7851.039,14572.000,10405.500,1489.440,33953.300,1042.783,38081.400,4739.000,63135.600,507.058,231.870,5802.300,353.190,22733.000,4,10,winter
2016-10-15,863.500,9595.080,193.680,53345.200,584.640,405.540,172.047,8291.000,1102.500,1594.920,8685.300,654.364,21507.400,2605.750,61635.200,140.843,37.545,514.950,177.445,12466.000,5,10,winter
2016-10-16,585.250,8300.640,195.284,54532.900,564.480,15.000,104.010,6242.000,1513.000,1624.560,8142.600,657.740,745.600,2100.000,61848.000,135.946,25.005,776.100,162.045,10717.500,6,10,winter
2016-10-17,2480.250,19605.480,768.040,52209.100,1352.080,1010.460,6946.026,12941.000,10833.000,1570.560,48936.000,1261.734,41831.200,5214.000,62036.000,994.376,330.555,6428.250,278.580,22968.500,0,10,winter
2016-10-18,2467.000,19184.460,1080.055,54958.200,1390.000,974.700,7231.552,16958.000,10246.500,1612.890,41872.700,1188.866,39476.000,4961.250,65752.800,1036.974,320.130,6879.000,304.500,24693.500,1,10,winter
2016-10-19,2709.500,18597.480,460.299,51888.900,1318.800,1023.210,6881.040,14648.000,10310.000,1529.130,42560.100,1296.000,45406.400,5373.000,67754.400,1083.561,256.560,5528.100,304.330,25041.500,2,10,winter
2016-10-20,2886.500,18818.940,671.297,48735.500,1311.040,961.950,7894.526,15636.000,10643.500,1465.080,54871.800,1280.266,52282.000,5122.750,66032.000,1041.871,296.730,6352.350,378.540,24696.000,3,10,winter
2016-10-21,2204.250,15477.840,412.519,47721.100,1288.720,1005.360,7412.526,16634.000,10435.500,1525.860,37923.200,1109.811,44264.800,5284.500,65930.800,999.677,193.935,5147.700,379.040,19762.500,4,10,winter
2016-10-22,886.250,8993.400,188.697,42171.900,345.200,294.810,304.053,8454.000,2502.500,1564.890,9081.800,703.141,18512.000,2491.250,64603.600,132.851,31.470,979.650,190.300,6345.500,5,10,winter
2016-10-23,648.000,8595.720,233.252,45832.600,304.560,9.990,131.019,10310.000,1800.500,1564.230,8014.500,704.393,706.000,1997.750,63306.800,136.278,21.540,1082.850,207.605,6566.000,6,10,winter
2016-10-24,2906.250,19438.320,407.143,46553.900,1154.640,975.900,7249.530,16602.000,11900.000,1534.440,50414.800,1309.303,46767.400,4896.000,63725.600,973.980,284.130,6124.950,341.965,10576.000,0,10,winter
2016-10-25,2877.500,20428.260,935.644,43397.100,1329.040,1007.610,6658.527,16390.000,12532.500,1592.130,57958.400,1300.888,45987.200,4813.750,64774.800,1006.459,326.385,5303.250,356.755,23503.500,1,10,winter
2016-10-26,2607.750,19375.080,1201.528,54067.600,1278.560,1075.590,8121.047,13759.000,12382.500,1600.920,38937.600,1284.078,36315.800,5180.250,64763.600,992.415,312.780,5340.150,344.670,24710.000,2,10,winter
2016-10-27,2476.500,19862.940,724.721,54005.800,1269.840,1008.360,7559.575,17836.000,11703.000,1547.610,47146.200,1289.396,35916.200,5012.500,65065.200,936.036,251.565,6009.150,317.270,25465.000,3,10,winter
2016-10-28,2232.750,14663.400,570.917,53965.600,1342.960,1152.420,7064.551,15582.000,11455.500,1625.340,24515.400,991.258,32108.400,5103.000,64199.600,970.473,242.580,5030.400,315.280,21863.000,4,10,winter
2016-10-29,754.500,9544.200,237.969,55385.000,555.360,483.420,403.027,7765.000,3504.000,1651.560,8375.600,721.074,21701.000,2569.000,64311.600,132.765,26.445,611.250,190.655,12047.000,5,10,winter
2016-10-30,654.000,8930.220,219.018,55423.800,533.360,10.560,138.037,2900.000,1950.000,1674.840,8294.500,741.499,798.600,1986.250,65401.600,137.260,22.440,616.050,195.895,9142.000,6,10,winter
2016-10-31,809.250,20287.740,412.002,53549.100,1075.600,890.250,172.043,6393.000,9290.000,1574.160,9743.400,721.224,2419.000,2109.750,61774.400,135.463,48.555,618.000,226.920,21001.000,0,10,winter
2016-11-01,679.500,22105.740,211.167,54470.100,663.840,9.360,108.509,3314.000,1844.000,1629.930,7778.600,677.607,1184.400,1675.750,63110.400,132.768,44.340,939.600,207.955,17379.000,1,11,winter
2016-11-02,2450.500,20536.800,420.443,46462.500,1410.160,960.780,7690.504,9652.000,10999.500,1695.030,47462.700,1148.258,42501.200,4556.500,64342.800,1167.862,342.150,5899.800,391.515,21784.000,2,11,winter
2016-11-03,2510.500,20376.840,427.253,48752.500,1402.320,987.780,5817.570,15695.000,11381.000,1674.840,42664.300,1124.423,46469.600,4797.000,64509.600,1099.807,336.735,5468.250,372.955,23209.000,3,11,winter
2016-11-04,2020.750,14842.140,478.934,50107.700,1418.640,1099.830,6281.048,15867.000,11066.500,1682.400,42596.600,903.489,45046.000,4480.250,65103.200,1006.376,207.165,4933.650,422.700,21807.000,4,11,winter
2016-11-05,681.000,9845.700,192.820,48435.900,460.240,566.520,296.502,6461.000,3010.500,1627.650,8433.900,682.658,3130.000,2603.250,66149.200,137.905,30.315,667.650,204.965,11713.000,5,11,winter
2016-11-06,678.500,8689.500,181.232,45797.100,332.000,30.840,146.521,1177.000,1786.500,1552.800,7620.700,652.386,673.800,2031.500,65800.000,134.485,24.930,879.000,250.470,8523.000,6,11,winter
2016-11-07,2989.750,19155.600,402.412,38361.400,1363.120,969.930,7158.040,16025.000,11668.000,1539.150,23971.500,1198.522,50245.200,4915.750,67010.000,1039.664,416.790,6051.750,380.940,22109.000,0,11,winter
2016-11-08,2999.500,20258.100,432.126,31312.800,1413.200,1094.340,6751.016,17388.000,11915.000,1547.100,47044.100,1151.997,42187.200,5288.750,66698.800,1002.043,422.655,6588.600,412.650,24158.000,1,11,winter
2016-11-09,3085.500,20258.460,526.660,30468.800,1412.880,1012.620,6940.526,15454.000,11797.000,1598.550,65693.700,1173.154,42421.400,5179.250,65768.400,1062.922,385.905,6154.800,421.495,24748.000,2,11,winter
2016-11-10,2674.500,20163.840,584.985,41674.100,1411.920,984.870,6111.521,19802.000,11685.500,1558.350,48035.200,1195.299,42489.800,5454.000,67041.200,1154.803,359.010,6719.550,387.415,23295.000,3,11,winter
2016-11-11,2424.500,14349.840,445.402,42103.100,1417.680,935.760,2098.518,18043.000,10120.000,1710.570,54303.600,1022.490,41669.200,5346.250,65911.200,1022.607,248.475,5696.550,449.455,18119.000,4,11,winter
2016-11-12,917.500,10795.140,236.029,41204.000,691.520,263.370,574.018,8277.000,2961.500,1719.420,19031.500,637.365,2704.800,3132.000,62761.600,140.034,45.345,749.700,304.430,12171.000,5,11,winter
2016-11-13,936.750,9175.320,219.212,44707.900,415.120,10.080,160.020,1626.000,1985.000,1746.480,8195.300,651.054,762.200,2020.250,63188.000,137.904,40.185,922.050,300.935,8267.000,6,11,winter
2016-11-14,2963.750,18867.600,448.584,43114.600,1428.240,1112.070,8201.031,15888.000,10746.500,1711.530,33924.700,1190.064,40111.800,5355.500,66474.000,1171.041,352.830,6568.200,411.565,23539.000,0,11,winter
2016-11-15,2961.000,20248.740,726.988,50505.100,1533.440,1090.950,6725.024,15753.000,12486.000,1684.620,43412.300,1194.712,42938.600,5470.000,66439.200,1183.688,303.810,6058.050,362.045,23928.000,1,11,winter
2016-11-16,2983.750,20430.360,476.658,47597.900,1577.760,1039.140,8404.500,13417.000,12429.500,1609.740,44362.100,1196.470,40349.000,5476.500,66950.400,1151.214,371.355,6098.850,352.745,23832.000,2,11,winter
2016-11-17,2728.750,21827.340,472.175,47543.300,1511.920,1089.990,7569.534,16898.000,11913.000,1566.570,35761.000,1243.508,36995.400,5146.750,67766.400,1155.371,271.800,6169.050,342.120,23957.000,3,11,winter
2016-11-18,2455.750,16557.720,573.419,49304.300,1469.600,1043.520,5533.505,17619.000,11300.500,1638.870,40953.300,1008.825,37063.800,5667.250,66607.200,1110.003,226.650,4763.700,327.385,22820.000,4,11,winter
2016-11-19,1082.250,9342.840,206.811,47979.700,788.560,472.470,272.015,8245.000,3077.000,1703.430,11259.500,624.367,2908.400,2982.750,63960.800,139.702,35.580,734.250,284.725,12940.000,5,11,winter
2016-11-20,879.500,8202.720,186.123,43893.600,423.440,10.440,135.016,3039.000,1858.500,1692.120,8022.200,631.490,702.600,2073.000,63862.000,136.603,23.670,844.500,337.410,8803.000,6,11,winter
2016-11-21,2793.250,20380.620,421.484,48229.400,1416.240,988.680,7670.520,15916.000,11240.000,1617.300,42738.400,1106.192,42240.400,5106.000,64765.600,1149.905,332.880,6165.600,372.310,20966.000,0,11,winter
2016-11-22,2556.750,21689.100,468.796,50323.100,1456.960,1037.340,7141.522,16734.000,12066.500,1622.850,60719.200,1112.032,39198.200,5333.330,65243.600,1009.394,331.680,5481.450,412.410,24933.000,1,11,winter
2016-11-23,2604.500,21238.920,538.141,51670.400,1436.080,1056.210,7172.500,15952.000,12326.000,1723.650,69655.300,1129.123,42415.800,5547.550,64726.000,1105.354,318.990,5861.250,448.345,23507.000,2,11,winter
2016-11-24,2647.250,20531.760,582.003,52448.600,1474.800,982.980,7795.010,17064.000,12152.000,1612.140,82077.200,1104.420,37190.400,5549.860,64079.200,1060.965,413.625,6237.300,403.845,22878.000,3,11,winter
2016-11-25,2192.750,15863.460,532.746,48781.800,1375.040,1043.910,7374.518,15866.000,10664.000,1633.050,68957.200,884.497,32508.600,5040.070,62462.800,1026.529,245.010,5181.900,414.185,21048.000,4,11,winter
2016-11-26,704.250,9849.000,274.241,51347.500,869.280,397.020,328.002,5319.000,2232.500,1665.330,17647.500,653.440,2803.600,2749.580,62920.800,138.401,37.890,688.650,237.355,12981.000,5,11,winter
2016-11-27,695.000,8807.220,202.494,52500.200,448.000,11.730,164.015,2274.000,1862.500,1717.890,7520.200,642.759,1229.600,2201.460,62654.400,134.085,27.120,799.500,234.430,8658.000,6,11,winter
2016-11-28,2534.000,20236.860,510.747,53013.900,1451.840,1107.720,6503.554,16807.000,11620.500,1560.660,48829.300,1173.538,34359.200,5086.290,64130.000,1085.522,339.555,6622.950,475.255,23240.000,0,11,winter
2016-11-29,2903.500,20935.320,492.912,39659.400,1462.400,1240.260,2312.552,18141.000,12638.500,1614.390,49070.100,1145.223,35876.400,5382.600,64599.600,1144.119,356.880,6733.350,512.355,21820.000,1,11,winter
2016-11-30,2824.500,21452.820,509.666,43386.100,1338.240,1032.660,7802.550,15361.000,13105.500,1583.520,38311.900,1154.823,34490.200,5096.270,65351.600,1119.714,330.840,5491.950,461.080,24625.000,2,11,winter
2016-12-01,2794.750,21154.620,546.109,45206.800,1377.280,1209.030,6587.544,19442.000,12058.000,1484.700,42291.700,1178.331,30661.800,5090.830,64584.000,1221.796,363.090,5721.450,422.090,24552.000,3,12,winter
2016-12-02,2689.750,16673.340,388.647,48597.900,1389.200,1086.570,6792.524,16963.000,11310.500,1531.200,36477.400,956.537,3083.800,5212.370,62112.400,1214.776,235.980,4872.900,451.535,20924.000,4,12,winter
2016-12-03,1163.500,10283.760,195.946,46230.300,581.600,437.400,210.040,7665.000,2940.500,1682.100,14294.900,608.754,966.600,2413.110,60051.200,156.829,70.845,761.250,317.510,10544.000,5,12,winter
2016-12-04,1225.750,9200.220,174.112,43736.100,519.200,10.620,140.015,2455.000,2028.500,1626.390,7821.900,597.629,560.600,2176.880,59428.000,142.634,48.150,964.650,361.660,8280.000,6,12,winter
2016-12-05,3033.000,20592.600,1136.267,46935.000,1450.640,1123.950,6586.018,13811.000,10865.000,1644.900,32451.100,1139.225,36928.400,5127.790,61517.200,1171.041,486.195,6051.000,492.055,22841.000,0,12,winter
2016-12-06,3064.250,20792.940,636.610,47505.300,1440.960,1049.850,5267.517,17047.000,11798.500,1695.780,41836.200,1145.688,36994.800,5133.920,62410.400,1233.385,438.945,5837.250,507.330,25120.000,1,12,winter
2016-12-07,3056.250,20469.120,603.146,51414.100,1454.480,1247.190,5646.015,14185.000,12781.000,1549.440,29907.500,1145.066,34350.000,5254.970,62236.000,1283.564,474.120,6074.250,532.305,21902.000,2,12,winter
2016-12-08,2929.750,21125.340,491.891,52126.200,1487.840,1266.360,6813.537,16859.000,11652.000,1618.620,43524.900,1144.768,35688.800,5378.230,61796.800,1226.936,324.240,6164.700,492.165,23406.000,3,12,winter
2016-12-09,2364.500,17473.560,402.703,50303.900,1420.800,922.080,6821.538,16216.000,10828.500,1674.330,42755.500,967.823,41184.600,4199.840,62502.400,1239.415,200.940,3993.150,435.495,22327.000,4,12,winter
2016-12-10,1086.500,10622.760,239.092,48122.500,788.160,327.750,179.541,5756.000,2886.000,1621.590,11729.600,624.307,2833.200,2360.510,62913.600,158.950,59.160,715.500,301.315,10937.000,5,12,winter
2016-12-11,1091.500,8597.100,188.862,53123.100,397.760,10.020,172.506,2033.000,1996.500,1652.670,8105.000,612.672,696.200,2328.860,61884.400,139.046,34.845,959.850,278.320,8205.000,6,12,winter
2016-12-12,2676.750,21900.840,432.610,54406.700,1416.720,1089.780,6522.036,16708.000,11147.000,1542.060,40717.100,1135.972,47912.400,4744.430,62824.000,1106.903,511.380,6840.300,436.710,22652.000,0,12,winter
2016-12-13,2864.750,20882.580,448.788,53630.300,1393.600,1077.900,7599.021,16632.000,11182.000,1607.970,43549.400,1143.242,48336.600,5166.430,63030.800,1234.284,405.165,6160.950,495.515,23569.000,1,12,winter
2016-12-14,2659.000,21592.620,479.843,46394.100,1398.160,1076.970,6935.024,14873.000,12111.500,1532.220,55498.400,1172.705,50899.000,4802.160,62744.800,1142.809,374.610,6043.950,388.335,23382.000,2,12,winter
2016-12-15,2771.750,21301.560,415.768,46453.500,1402.640,1029.240,8736.014,17952.000,11892.000,1491.150,65348.300,876.231,49970.600,5160.910,62639.600,1185.896,403.995,4808.100,488.380,21568.000,3,12,winter
2016-12-16,2413.500,17052.720,404.185,45126.500,1250.480,513.690,8495.512,14788.000,10882.000,1670.760,57231.100,898.322,18768.000,5095.620,62040.800,1181.080,302.670,4686.450,517.665,18656.000,4,12,winter
2016-12-17,1156.500,10802.220,230.036,35591.100,715.760,343.650,442.510,2690.000,2473.500,1567.470,11372.200,610.684,908.800,3102.750,61747.600,155.773,37.575,763.500,330.330,8964.000,5,12,winter
2016-12-18,1147.000,8920.860,226.835,31596.200,422.160,10.440,176.000,3467.000,1971.500,1580.610,7684.000,606.883,740.600,2545.110,60510.400,142.713,38.400,772.650,305.585,7722.000,6,12,winter
2016-12-19,2663.000,20771.400,443.843,41377.600,1294.320,996.270,8399.526,16168.000,11954.000,1472.640,9593.400,1163.844,2738.400,5318.990,60435.200,1096.300,487.215,5233.950,482.240,16568.000,0,12,winter
2016-12-20,2707.000,21107.820,450.028,39751.800,1451.360,1091.370,7619.017,13622.000,12483.000,1479.570,9585.200,1182.636,2625.400,4256.130,60165.600,958.226,412.050,5459.850,520.340,14037.000,1,12,winter
2016-12-21,3099.000,20739.960,929.993,38679.900,1418.720,996.390,8072.014,13314.000,11022.500,1475.280,8971.100,1165.651,2846.600,3337.000,59505.600,832.893,458.640,3025.800,507.635,13653.000,2,12,winter
2016-12-22,2806.750,19868.460,1140.024,39309.000,1041.920,913.380,7785.027,5975.000,9778.000,1504.410,8378.900,1175.259,2774.400,2746.150,57369.600,623.990,417.840,1991.700,494.595,12323.000,3,12,winter
2016-12-23,1756.000,16281.840,907.165,40020.500,938.400,401.070,2201.516,529.000,7131.000,1556.550,7885.900,1006.455,2061.400,2002.940,58014.800,136.920,246.705,1084.200,474.690,7277.000,4,12,winter
2016-12-24,667.500,9690.000,166.126,8118.400,355.600,18.510,252.007,1.000,1845.500,1517.550,6769.400,645.691,453.400,1486.430,58727.600,133.013,31.335,673.500,238.405,7371.000,5,12,winter
2016-12-25,659.250,8972.220,185.838,6053.500,292.800,18.900,173.514,153.000,1775.000,1625.340,6769.600,652.823,416.000,1463.590,59170.400,133.338,25.560,650.250,214.885,7156.000,6,12,winter
2016-12-26,655.000,9877.860,202.908,6049.800,366.800,21.480,158.007,0.000,1782.000,1674.750,6765.200,679.516,498.200,1503.410,59653.600,134.644,47.220,592.200,203.790,7162.000,0,12,winter
2016-12-27,726.750,16529.100,311.255,6506.100,370.560,24.180,170.034,2718.000,4598.500,1662.930,7812.100,1093.047,1608.800,1523.240,59293.200,140.023,64.350,708.000,365.740,7854.000,1,12,winter
2016-12-28,764.750,13403.340,302.420,6309.200,366.800,15.060,172.537,4346.000,4416.500,1614.000,7655.100,1046.043,1813.800,1529.100,58807.200,139.615,62.385,728.550,362.630,7810.000,2,12,winter
2016-12-29,782.250,11944.500,290.558,6988.900,366.640,10.140,171.019,2653.000,3317.500,1614.000,8115.700,1013.436,1863.400,1531.440,58656.400,142.875,86.280,812.550,403.080,8245.000,3,12,winter
2016-12-30,791.000,10396.020,297.763,7534.100,369.760,9.480,178.517,2318.000,3762.500,1651.050,8043.100,989.245,2222.600,1535.760,57068.000,139.941,74.340,839.550,416.030,7337.000,4,12,winter
2016-12-31,858.500,9363.600,171.281,7000.000,364.240,9.270,173.515,3169.000,1958.000,1620.660,7238.700,596.225,2855.000,1508.070,56916.400,139.040,43.395,824.850,359.445,6929.000,5,12,winter
2017-01-01,9.250,90.000,2.212,72.500,3.200,0.030,1.500,32.000,21.500,10.950,76.300,6.175,19.800,13.470,589.600,1.469,0.960,11.700,2.985,71.000,6,1,winter
